x,y,label,PANEL,group
0.5,0.5,parallelogram,1,1
0.5,0.5,parallelogram,1,1
0.5,0.5,parallelogram,1,1
0.5,0.5,parallelogram,1,1
0.5,0.5,parallelogram,1,1
0.727272727272727,0.345454545454545,triangle,1,1
0.727272727272727,0.345454545454545,triangle,1,1
0.727272727272727,0.345454545454545,triangle,1,1
0.727272727272727,0.345454545454545,triangle,1,1
