x	y	clickSelects	group	ymin	ymax	xmin	xmax
0.789059112588524	0.05	2001	23	0.0454545454545455	0.05	0.782555282555282	0.795562942621767
