width,height,idx,xstart,ystart,xend,yend,area
1,1,1,-4.67590392297574,1.08581480570138,-3.67590392297574,2.08581480570138,1
2,1,2,-4.02021937036068,-6.00673354230821,-2.02021937036068,-5.00673354230821,2
3,1,3,-2.85533485755483,-7.89322684984654,0.144665142445171,-6.89322684984654,3
1,2,4,-1.89461599560901,-5.31847580801696,-0.894615995609009,-3.31847580801696,2
2,2,5,-1.744696548421,0.713630653917789,0.255303451579002,2.71363065391779,4
3,2,6,-0.403167035232605,3.4208017680794,2.59683296476739,5.4208017680794,6
1,3,7,1.03434381446461,7.8294048178941,2.03434381446461,10.8294048178941,3
2,3,8,2.73538543574305,9.94637230876833,4.73538543574305,12.9463723087683,6
3,3,9,2.56448547964023,8.49362363573164,5.56448547964023,11.4936236357316,9
