width,height,idx,xstart,ystart,xend,yend,area,areaprob,0 * areaprob
1.39354420642239,2.31186831701735,1,1.10037684906274,6.0642625996843,2.49392105548513,8.37613091670165,3.221690699191,0.689488411476041,0
2.44717909225656,2.31186831701735,2,3.6121010966599,-0.441676769405603,6.05928018891645,1.87019154761175,5.65755580945521,0.88538812819211,0
2.05409521115707,2.31186831701735,3,2.161870226264,4.30071901064366,4.21596543742107,6.61258732766101,4.7487976388111,0.830589920774147,0
1.39354420642239,1.37788717186544,4,-1.78991339635104,6.669185096398,-0.396369189928651,8.04707226826344,1.92014668545682,0.512000912633217,0
2.44717909225656,1.37788717186544,5,2.23608836065978,1.01158970501274,4.68326745291633,2.38947687687818,3.37193667847763,0.706970457488979,0
2.05409521115707,1.37788717186544,6,8.22634891141206,6.16420452482998,10.2804441225691,7.54209169669543,2.83031144124357,0.641195549631073,0
1.39354420642239,3.23247837736281,7,7.45424858760089,-3.16160127986223,8.84779279402328,0.0708770975005808,4.50460151515958,0.81376854568433,0
2.44717909225656,3.23247837736281,8,-2.50684122089297,-6.41103228088468,-0.0596621286364107,-3.17855390352188,7.91045350125365,0.970977359343222,0
2.05409521115707,3.23247837736281,9,-7.37407400272787,-3.70296584442258,-5.31997879157079,-0.470487467059773,6.63981835510973,0.931016509260422,0
