area,p
0,-0.0330156513938168
1,0.169137529792375
2,0.347743490627268
3,0.503396012204124
4,0.637560476906379
5,0.748607535585909
6,0.827322567909869
7,0.886490694944906
8,0.936605716915465
9,0.972670759774365
10,0.993139108644106
11,1.00389931536416
12,1.01120189924678
13,1.01098016708541
14,1.0040504292906
15,0.990101144810495
