width,height,idx,xstart,ystart,xend,yend,area,areaprob,arealabel,areaproblabel,0 * areaprob
0.678873561591304,1.02789761333643,1,8.55841839686036,-9.15126968640834,9.23729195845167,-8.12337207307191,0.697812513716905,0.305531300709746,lw =  0.7,P(lw <= x) =  0.31,0
1.93381907535177,1.02789761333643,2,1.30561598576605,0.853949747979641,3.23943506111782,1.88184736131607,1.98776801217854,0.547678058939014,lw =  2,P(lw <= x) =  0.55,0
3.49729158628347,1.02789761333643,3,0.926093785092235,0.254263780079782,4.4233853713757,1.28216139341621,3.59485767468236,0.76731995213174,lw =  3.6,P(lw <= x) =  0.77,0
0.678873561591304,1.86803573851859,4,1.87877795193344,8.91325933858752,2.55765151352475,10.7812950771061,1.26816007498796,0.419993756280816,lw =  1.3,P(lw <= x) =  0.42,0
1.93381907535177,1.86803573851859,5,-9.27848762832582,-3.56177246198058,-7.34466855297405,-1.69373672346199,3.61244314458608,0.769291561935499,lw =  3.6,P(lw <= x) =  0.77,0
3.49729158628347,1.86803573851859,6,-4.04016581363976,1.55005959328264,-0.542874227356291,3.41809533180123,6.53306567119791,0.950067042803987,lw =  6.5,P(lw <= x) =  0.95,0
0.678873561591304,2.70769083939388,7,1.93129940889776,-3.45437660813332,2.61017297048906,-0.746685768739439,1.83817972382747,0.522732813072133,lw =  1.8,P(lw <= x) =  0.52,0
1.93381907535177,2.70769083939388,8,0.352150150574744,5.57525928597897,2.28596922592651,8.28295012537285,5.23618419537511,0.892830741682705,lw =  5.2,P(lw <= x) =  0.89,0
3.49729158628347,2.70769083939388,9,-5.03894842229784,8.77106423955411,-1.54165683601437,11.478755078948,9.46958439086903,1,lw =  9.5,P(lw <= x) =  1,0
