intercept,slope,group,PANEL,x,xend,y,yend
3,2,1,1,0,1,0.0361141707704379,0.941483372038687
0,1,1,1,0,1,-0.072364851339519,0.380319749294605
