intercept,slope,group,PANEL,x,xend,y,yend
3,2,1,1,0,1,0.0616067886430144,0.987679666767349
0,1,1,1,0,1,-0.0505024742827271,0.41253396477944
