intercept,slope,group,PANEL,x,xend,y,yend
3,2,1,1,0,1,0.0793050984407581,0.992304654018342
0,1,1,1,0,1,-0.0437437770644339,0.412756000724358
