intercept,slope,group,PANEL,x,xend,y,yend
3,2,1,1,0,1,0.0377472777016383,0.959591598805153
0,1,1,1,0,1,-0.0783794931679278,0.382542667383829
