intercept,slope,group,PANEL,x,xend,y,yend
3,2,1,1,0,1,0.0239821110250849,0.951377062294292
0,1,1,1,0,1,-0.0874109072604161,0.376286568374188
