y,x,label,PANEL,group
0.811942959001783,0.500069031114835,Arrests for Assault,1,1
