linetype,x,xend,y,yend,PANEL,group
solid,0.348484848484848,0.954545454545455,0.0454545454545455,0.0454545454545455,1,5
dashed,0.348484848484848,0.954545454545455,0.227272727272727,0.227272727272727,1,1
dotted,0.348484848484848,0.954545454545455,0.409090909090909,0.409090909090909,1,3
dotdash,0.348484848484848,0.954545454545455,0.590909090909091,0.590909090909091,1,2
longdash,0.348484848484848,0.954545454545455,0.772727272727273,0.772727272727273,1,4
twodash,0.348484848484848,0.954545454545455,0.954545454545455,0.954545454545455,1,6
