x,y,label,PANEL,group
0.0454545454545454,0.0454545454545455,solid,1,1
0.0454545454545454,0.227272727272727,dashed,1,1
0.0454545454545454,0.409090909090909,dotted,1,1
0.0454545454545454,0.590909090909091,dotdash,1,1
0.0454545454545454,0.772727272727273,longdash,1,1
0.0454545454545454,0.954545454545455,twodash,1,1
