colour,fill,xmin,xmax,ymin,ymax,clickSelects,PANEL,group
#F8766D,#F8766D,0.501685101644335,0.954545454545454,0.50580570788301,0.954545454545455,Q1,1,1
#7CAE00,#7CAE00,0.0653736991487347,0.499857066483704,0.506247426181508,0.90109905441535,Q2,1,2
#00BFC4,#00BFC4,0.0454545454545455,0.498791156647514,0.065011825095745,0.505457000368217,Q3,1,3
#C77CFF,#C77CFF,0.501177943811798,0.824621323692679,0.0454545454545455,0.505622208669427,Q4,1,4
