colour,fill,x,y,showSelected,PANEL,group
#F8766D,#F8766D,0.580660615948455,0.6794557137122,Q1,1,1
#7CAE00,#7CAE00,0.336380840353834,0.681054771634016,Q2,1,2
#00BFC4,#00BFC4,0.338977802488457,0.488490693859777,Q3,1,3
#C77CFF,#C77CFF,0.584859664960536,0.48489476843101,Q4,1,4
