colour,fill,x,y,showSelected,PANEL,group
#F8766D,#F8766D,0.622831289492184,0.621726799436517,Q1,1,1
#7CAE00,#7CAE00,0.376052623184028,0.62381010545146,Q2,1,2
#00BFC4,#00BFC4,0.374740518824737,0.371938996513218,Q3,1,3
#C77CFF,#C77CFF,0.609146825470523,0.386985729999535,Q4,1,4
