colour,fill,xmin,xmax,ymin,ymax,clickSelects,PANEL,group
#F8766D,#F8766D,0.458558541435551,0.907132955555589,0.581647794774386,0.953804747169857,Q1,1,1
#7CAE00,#7CAE00,0.0454545454545455,0.455641001411249,0.580667141471416,0.954545454545454,Q2,1,2
#00BFC4,#00BFC4,0.0638405004958485,0.458118584731099,0.243613044868994,0.579600717901213,Q3,1,3
#C77CFF,#C77CFF,0.458466724900667,0.954545454545455,0.0454545454545454,0.580156084438217,Q4,1,4
