colour,fill,xmin,xmax,ymin,ymax,clickSelects,PANEL,group
#F8766D,#F8766D,0.474668389981241,0.954545454545454,0.477002107712841,0.940795570032525,Q1,1,1
#7CAE00,#7CAE00,0.0913874884999949,0.473518067562434,0.477740774390432,0.954545454545454,Q2,1,2
#00BFC4,#00BFC4,0.0454545454545455,0.472499297457546,0.0454545454545454,0.474816442459969,Q3,1,3
#C77CFF,#C77CFF,0.473929081465377,0.900770342176073,0.117191290840344,0.476317625413224,Q4,1,4
