colour,fill,x,y,showSelected,PANEL,group
#F8766D,#F8766D,0.596161280611494,0.580301106806259,Q1,1,1
#7CAE00,#7CAE00,0.353596858048416,0.57615756057603,Q2,1,2
#00BFC4,#00BFC4,0.350995257775522,0.364312931568286,Q3,1,3
#C77CFF,#C77CFF,0.586178786289852,0.37631675420023,Q4,1,4
