colour	fill	x	y	showSelected
#F8766D	#F8766D	0.576186424539248	0.572258669428596	Q1
#7CAE00	#7CAE00	0.34933372676971	0.577121997546674	Q2
#00BFC4	#00BFC4	0.359375978038091	0.366199707099294	Q3
#C77CFF	#C77CFF	0.568400436745599	0.358316392622533	Q4
