colour	fill	xmin	xmax	ymin	ymax	clickSelects
#F8766D	#F8766D	0.519192162881101	0.908762152864367	0.48879192132688	0.914310916080993	Q1
#7CAE00	#7CAE00	0.0454545454545454	0.516921089861832	0.488861577896714	0.954545454545455	Q2
#00BFC4	#00BFC4	0.0883580167112331	0.517069775837158	0.0454545454545455	0.488257598265578	Q3
#C77CFF	#C77CFF	0.518241066832383	0.954545454545455	0.0808355140636432	0.488197508876993	Q4
