colour	fill	x	y	showSelected
#F8766D	#F8766D	0.622055813572413	0.587171517885916	Q1
#7CAE00	#7CAE00	0.379257512576015	0.603032610226682	Q2
#00BFC4	#00BFC4	0.3681282947193	0.381030457643564	Q3
#C77CFF	#C77CFF	0.624990932661615	0.368508983940427	Q4
