colour	fill	x	y	showSelected
#F8766D	#F8766D	0.633665028446205	0.593947450409833	Q1
#7CAE00	#7CAE00	0.390743749589483	0.596580693017976	Q2
#00BFC4	#00BFC4	0.393512378555901	0.373871385686118	Q3
#C77CFF	#C77CFF	0.645378059405814	0.3807129567855	Q4
