colour	fill	x	y	showSelected
#F8766D	#F8766D	0.628489533256946	0.594708607553418	Q1
#7CAE00	#7CAE00	0.394061434278603	0.592044394815463	Q2
#00BFC4	#00BFC4	0.398368819278646	0.382766466495997	Q3
#C77CFF	#C77CFF	0.634883477953912	0.394766946269125	Q4
