colour	fill	xmin	xmax	ymin	ymax	clickSelects
#F8766D	#F8766D	0.512570004797073	0.952209765195426	0.490696119130351	0.890912152032354	Q1
#7CAE00	#7CAE00	0.0454545454545455	0.510438154413575	0.49060225435538	0.954545454545454	Q2
#00BFC4	#00BFC4	0.0980939412601455	0.511093880240359	0.0454545454545455	0.490137066998059	Q3
#C77CFF	#C77CFF	0.511817544629152	0.954545454545455	0.175628900816956	0.489218069675434	Q4
