colour	fill	xmin	xmax	ymin	ymax	clickSelects
#F8766D	#F8766D	0.492951823414316	0.914863083163138	0.487045034307211	0.919473376404841	Q1
#7CAE00	#7CAE00	0.0454545454545454	0.492355178605301	0.484720122003598	0.954545454545454	Q2
#00BFC4	#00BFC4	0.0681705922154736	0.492490261518366	0.0454545454545455	0.483994155083093	Q3
#C77CFF	#C77CFF	0.492938970381724	0.954545454545455	0.106268731324773	0.48424651208801	Q4
