colour	fill	xmin	xmax	ymin	ymax	clickSelects
#F8766D	#F8766D	0.468548310488584	0.954545454545454	0.470389250868148	0.823629703435809	Q1
#7CAE00	#7CAE00	0.0454545454545454	0.467514755364613	0.469820075662267	0.954545454545455	Q2
#00BFC4	#00BFC4	0.129803121291271	0.467225426573032	0.0896376483432786	0.468911769156007	Q3
#C77CFF	#C77CFF	0.469223336555881	0.844726254572985	0.0454545454545455	0.469548200590064	Q4
