fill	y	count	x	ndensity	ncount	density	group	ymin	ymax	xmin	xmax
#F8766D	0.11038961038961	1	0.1875	1	1	1.11111111111111	1	0.0454545454545455	0.11038961038961	0.046875	0.328125
#00BFC4	0.75974025974026	10	0.1875	1	1	1.11111111111111	2	0.11038961038961	0.75974025974026	0.046875	0.328125
#F8766D	0.24025974025974	3	0.5	1	1	1.11111111111111	3	0.0454545454545455	0.24025974025974	0.359375	0.640625
#00BFC4	0.5	4	0.5	1	1	1.11111111111111	4	0.24025974025974	0.5	0.359375	0.640625
#F8766D	0.954545454545455	14	0.8125	1	1	1.11111111111111	5	0.0454545454545455	0.954545454545455	0.671875	0.953125
