linetype	x	xend	y	yend
solid	0.348484848484848	0.954545454545455	0.0454545454545455	0.0454545454545455
dashed	0.348484848484848	0.954545454545455	0.227272727272727	0.227272727272727
dotted	0.348484848484848	0.954545454545455	0.409090909090909	0.409090909090909
dotdash	0.348484848484848	0.954545454545455	0.590909090909091	0.590909090909091
longdash	0.348484848484848	0.954545454545455	0.772727272727273	0.772727272727273
twodash	0.348484848484848	0.954545454545455	0.954545454545455	0.954545454545455
