x	xend	y	yend
0	1	0.536110229402849	0.536110229402849
