colour	fill	x	y	group
#0000FF	#0000FF	0.0454545454545455	0.0454545454545455	1
#0000FF	#0000FF	0.5	0.0454545454545455	1
#0000FF	#0000FF	0.954545454545454	0.954545454545454	1
#0000FF	#0000FF	0.5	0.954545454545454	1
#0000FF	#0000FF	0.0454545454545455	0.0454545454545455	1
#FF0000	#FF0000	0.5	0.5	2
#FF0000	#FF0000	0.727272727272727	0.0454545454545455	2
#FF0000	#FF0000	0.954545454545454	0.5	2
#FF0000	#FF0000	0.5	0.5	2
