colour	fill	xmin	xmax	ymin	ymax	clickSelects
#F8766D	#F8766D	0.545988705695116	0.947698136005768	0.479357902872227	0.906681148634051	Q1
#7CAE00	#7CAE00	0.0454545454545454	0.544758890974608	0.480491814546976	0.954545454545455	Q2
#00BFC4	#00BFC4	0.113545106684447	0.543542141453641	0.0454545454545455	0.477102516816691	Q3
#C77CFF	#C77CFF	0.545942243700168	0.954545454545454	0.12416521132279	0.478714462003122	Q4
