colour	fill	x	y	showSelected
#F8766D	#F8766D	0.653216879784236	0.597700178503245	Q1
#7CAE00	#7CAE00	0.438041376770036	0.602205210780655	Q2
#00BFC4	#00BFC4	0.433079248457342	0.358935853009109	Q3
#C77CFF	#C77CFF	0.649817063885962	0.362376630389093	Q4
